name,parent_name,age,phone,email,password,Gender_id
Irwin,Platfoot,17,4981129175,iplatfoot0@forbes.com,ETnyyxONx,12
Astrid,Richten,24,7167714778,arichten1@cornell.edu,Tadi2jNSd,8
Boris,Manuaud,27,6933614594,bmanuaud2@va.gov,WbCz92OIVem,5
Dido,Itscovitz,65,8059498398,ditscovitz3@163.com,oP8Cvv,4
Justen,Mart,53,1452937136,jmart4@yelp.com,Irhlfv,2
Agnesse,Beedie,54,2901614632,abeedie5@virginia.edu,1IlC0u9FW,15
Bobina,Edbrooke,68,3149646482,bedbrooke6@theguardian.com,JVniDZv,13
Iain,Silverthorn,53,1623142729,isilverthorn7@w3.org,EVpV8IvAAK7,10
Luigi,Mussilli,23,1642349424,lmussilli8@privacy.gov.au,o742Vm8GFs,2
Demetrius,Folland,65,2341155050,dfolland9@ucla.edu,24s6vQ,8
Jasmin,Dumbell,54,9263239070,jdumbella@vistaprint.com,iIj6ev3gkZ,2
Gunter,Jopson,31,2386974623,gjopsonb@addthis.com,S4XPG2Qjd4,1
Mariquilla,Rispen,29,2043435049,mrispenc@macromedia.com,AAPwMeq,18
Kathi,Jakolevitch,43,3805164449,kjakolevitchd@ehow.com,yaCZGK,12
Magdalene,MacCaffery,61,1849010907,mmaccafferye@hc360.com,UCuvo0u3VR0,2
Starlin,Seyffert,25,5723123417,sseyffertf@wikispaces.com,8aSJg4K3iRN,13
Alvis,Lodo,59,3002323906,alodog@simplemachines.org,wSAstrUDkWLR,16
Esmeralda,Newlove,68,4409663447,enewloveh@guardian.co.uk,LaUBSPMMlURe,15
Peirce,Zuker,34,1664526485,pzukeri@icio.us,Gd5Z2pzTfa,16
Joshuah,Gilyott,62,5188013666,jgilyottj@huffingtonpost.com,eJpingE2w,19
Don,Rennie,20,6486108201,drenniek@icq.com,gYYDlp,20
Gabriel,Urvoy,68,5332371324,gurvoyl@cargocollective.com,0Yj7Zqotl3,4
Daniel,Heindrich,60,7812890879,dheindrichm@time.com,WPQ3idE,13
Stormi,Zammitt,56,1115358464,szammittn@europa.eu,29P8Yd,1
Buddie,MacVanamy,41,5056891348,bmacvanamyo@cdbaby.com,Cm8rO3ZmSRf,2
Tammie,Ismirnioglou,16,6296075530,tismirniogloup@hostgator.com,i172tekdIQ,20
Izaak,Hamblyn,69,7806614285,ihamblynq@soundcloud.com,psGPdwztuO,9
Maryjo,Renneke,56,2295039055,mrenneker@google.pl,TjyRubWMrSc,15
Gilbertina,Rivers,55,9437674264,griverss@dion.ne.jp,OXF61v9,20
Cherry,Scarse,36,5648352736,cscarset@tiny.cc,8AVxgu9g0O,19
Kincaid,Wallworke,23,2734267231,kwallworkeu@de.vu,OTykxuIoO,19
Fabe,Thorn,43,8364983197,fthornv@cpanel.net,YrlNj30b,6
Augie,Gumbrell,16,3457912076,agumbrellw@dell.com,7tZS9ABv,2
Pamelina,Foskin,28,9415808062,pfoskinx@wiley.com,4YD4Po41rH,11
Delmar,Jakab,43,5498027064,djakaby@freewebs.com,j0vMdxH2dJ,8
Goldy,McFarland,45,4111538279,gmcfarlandz@archive.org,CxB64rIZ,12
Mab,Raddan,22,2621618677,mraddan10@forbes.com,6WbC1JZ,16
Jaquelin,Jory,64,8465849553,jjory11@tumblr.com,rIqbMqM8P,20
Craggy,Rapelli,62,7004667500,crapelli12@chicagotribune.com,mM9fOdBQt,11
Danyelle,Alliott,51,2375091730,dalliott13@sun.com,ZG76kWCP1,9
Gearalt,Eaglestone,39,4334737812,geaglestone14@bbc.co.uk,dcQlWuW,19
Tabatha,Rapson,46,3798241972,trapson15@baidu.com,Q5cCFoGZZxb,20
Weylin,Fieldsend,39,9958831285,wfieldsend16@cafepress.com,2STOe2VGHT,19
Hailey,Crilley,66,5939340927,hcrilley17@gov.uk,g9Rw2g8yZAc,16
Lesley,Eddins,58,9204509987,leddins18@cloudflare.com,3xbW6ZmYy,11
Salvatore,Pierrepoint,21,7584694308,spierrepoint19@stumbleupon.com,UA7NxFovWqo,3
Felice,Gymblett,25,8403470233,fgymblett1a@infoseek.co.jp,2ijxKaZp,7
Edd,Ladd,56,2676865524,eladd1b@examiner.com,0tNbJV8,7
Lindsay,Bernardez,39,9548963603,lbernardez1c@ibm.com,OHX3VrEX,6
Artemis,Rosendorf,68,5069051992,arosendorf1d@huffingtonpost.com,8fvkBjFE4,19
Bette-ann,Pinnigar,18,4489905762,bpinnigar1e@wikia.com,CawHBgGMC0,2
Leann,Baden,26,4813088672,lbaden1f@twitpic.com,19criG6Bi,9
Rheba,Liquorish,29,3194091449,rliquorish1g@biblegateway.com,nNV528,5
Cart,Drescher,16,9522361555,cdrescher1h@elpais.com,uCgIFhAmWAI,20
Lane,Jurasz,47,1335358667,ljurasz1i@wix.com,ewF93KiChe,10
Gardie,Maypes,65,9757537380,gmaypes1j@hatena.ne.jp,nhv2bgeX3d,9
Rodie,Brumble,45,2946336210,rbrumble1k@washington.edu,smHUkMCipY,9
Artair,Shaddick,68,3957828506,ashaddick1l@weather.com,BEpl8SkQ2,17
Teddi,Carlyle,43,7135943081,tcarlyle1m@fc2.com,pvkhIG,1
Barbi,Trevino,30,5879631983,btrevino1n@dot.gov,qZJLlU,17
Hermon,Antonov,38,2104798918,hantonov1o@reference.com,SCZMTrBp9Sxl,6
Pru,Healey,31,1584705091,phealey1p@addthis.com,BskoKJ4OaFf,12
Wayland,Lowseley,32,1298413350,wlowseley1q@sourceforge.net,nKjZL8,13
Dominga,Riggulsford,66,2485812069,driggulsford1r@globo.com,gjZvcdKSrwNA,9
Sherwynd,McIleen,33,2701858774,smcileen1s@tripadvisor.com,BrS3ReisTm,18
Wolfie,Beynkn,27,2325518037,wbeynkn1t@cnet.com,d7wsnJ,2
Allene,Tomini,42,2301796413,atomini1u@bing.com,jsV7UTA,12
Bobinette,Birtonshaw,60,3912312014,bbirtonshaw1v@imageshack.us,CsNiPGKxm,12
Merrily,Forcade,47,2306402463,mforcade1w@hubpages.com,VojpzyXfEz7,8
Lonni,Ginner,19,7953534887,lginner1x@blogspot.com,PqyR5C,16
Guinevere,Mughal,57,6096532412,gmughal1y@prnewswire.com,vicL2nrE6,6
Aloisia,Jiggens,60,3998479436,ajiggens1z@hp.com,eiShVi,2
Agata,Tommasi,20,2081864837,atommasi20@businessinsider.com,T8JeVkoyG2,10
Vi,Kleinpeltz,60,6325639435,vkleinpeltz21@mapquest.com,5bN6LMNLbh,14
Kaylee,Sarfat,27,9583582271,ksarfat22@paginegialle.it,PgQN3l,7
Ansell,Longcaster,70,7996681070,alongcaster23@ebay.com,yyoaaduOP94w,5
Sheila,Ebdin,66,2007384560,sebdin24@theglobeandmail.com,QzU0pz,8
Kelsey,Battie,16,6432580766,kbattie25@amazon.co.jp,l0hEz0JP8Pi,15
Lauryn,Curteis,23,9362063203,lcurteis26@wikia.com,Bfr2cR7oDL,2
Tawsha,Turl,64,1625837266,tturl27@mapy.cz,xkyp8g3bI1h,4
Henri,Alldread,31,7696295946,halldread28@uiuc.edu,NQgu63agdeVQ,18
Alia,Antony,34,7636326742,aantony29@mac.com,TNhk8o,12
Florida,Blakeway,65,7736441200,fblakeway2a@blog.com,DhMC99XMC,19
Kamila,Roke,53,4829758601,kroke2b@admin.ch,v5SnBJ2n,7
Parsifal,Wragg,56,9483988865,pwragg2c@usnews.com,ncnRtFAg,9
Byron,Suddards,38,7601749573,bsuddards2d@bigcartel.com,ScBLfNqQxJDl,4
Kevina,Dello,37,9901683452,kdello2e@gmpg.org,j82Xv3jIdwD,10
Aleda,Stockle,52,3806582623,astockle2f@blogspot.com,YIbJblT0fdNr,1
Marillin,Towl,52,8065415542,mtowl2g@goo.gl,eozyabW,20
Rollie,Ivoshin,68,2713583030,rivoshin2h@liveinternet.ru,9j6FGDudf,15
Holt,Fozzard,28,1712476060,hfozzard2i@ycombinator.com,RtnjyWPD7Pj,16
Feodora,Awdry,29,3607761440,fawdry2j@salon.com,YTU9OICebU,5
Claudianus,O'Lynn,41,5126878036,colynn2k@army.mil,rIsFySMjoJ,12
Lina,Summersett,15,2055834051,lsummersett2l@chronoengine.com,Vesj5Svp,20
Charin,Pheby,52,2025521030,cpheby2m@indiatimes.com,d6UZnQM,20
Rosalia,Feragh,54,5701496325,rferagh2n@netlog.com,jISAA85kkBuB,18
Verla,Lethardy,21,5475929916,vlethardy2o@time.com,5ZARQN7SQGu,1
Flint,Matoshin,35,4131334700,fmatoshin2p@abc.net.au,ZFh1pb,18
Samuel,Semerad,40,4827187281,ssemerad2q@youtube.com,UuTPDeRpLu,2
Klarika,Ludford,26,9861692909,kludford2r@walmart.com,bDb0eIJGdOaI,10
